{"cameraMode":{"drawMode":0,"name":"Shaded","section":"Shading Mode"},"sceneLighting":false,"audioPlay":false,"sceneViewState":{"m_AlwaysRefresh":false,"showFog":true,"showSkybox":false,"showFlares":true,"showImageEffects":true,"showParticleSystems":true,"showVisualEffectGraphs":true,"m_FxEnabled":true},"in2DMode":false,"pivot":{"x":5.9815802574157719,"y":3.2465097904205324,"z":-1.5330497026443482},"rotation":{"x":-0.21691972017288209,"y":0.13479909300804139,"z":-0.030258923768997194,"w":-0.9663655161857605},"size":1.7445523738861085,"orthographic":false}